{
  "supervised": {
    "logreg": {
      "threshold": 0.8061599651453131,
      "val": {
        "pr_auc": 0.87280910457793,
        "roc_auc": 0.9839122962962963,
        "precision": 0.8824884792626728,
        "recall": 0.8511111111111112,
        "f1": 0.8665158371040724,
        "confusion_matrix": {
          "tn": 1824,
          "fp": 51,
          "fn": 67,
          "tp": 383
        },
        "brier": 0.04202578174630789
      },
      "test": {
        "pr_auc": 0.9055487002553994,
        "roc_auc": 0.9887861491628616,
        "precision": 0.9234234234234234,
        "recall": 0.9111111111111111,
        "f1": 0.9172259507829977,
        "confusion_matrix": {
          "tn": 1718,
          "fp": 34,
          "fn": 40,
          "tp": 410
        },
        "brier": 0.0327462611680436
      },
      "train_pr_auc": 0.9176293964806214
    },
    "lightgbm": {
      "threshold": 0.8973900591992381,
      "val": {
        "pr_auc": 0.9737686370921366,
        "roc_auc": 0.993170962962963,
        "precision": 0.9318734793187348,
        "recall": 0.8511111111111112,
        "f1": 0.8896631823461092,
        "confusion_matrix": {
          "tn": 1847,
          "fp": 28,
          "fn": 67,
          "tp": 383
        },
        "brier": 0.030155891213716014
      },
      "test": {
        "pr_auc": 0.9839608273781346,
        "roc_auc": 0.9954096905124302,
        "precision": 0.9659367396593674,
        "recall": 0.8822222222222222,
        "f1": 0.9221835075493612,
        "confusion_matrix": {
          "tn": 1738,
          "fp": 14,
          "fn": 53,
          "tp": 397
        },
        "brier": 0.026329716921553375
      },
      "train_pr_auc": 1.0
    },
    "cnn": {
      "threshold": 0.06703150272369385,
      "val": {
        "pr_auc": 0.7522186448960204,
        "roc_auc": 0.8968538011695906,
        "precision": 0.6217532467532467,
        "recall": 0.8511111111111112,
        "f1": 0.7185741088180112,
        "confusion_matrix": {
          "tn": 907,
          "fp": 233,
          "fn": 67,
          "tp": 383
        },
        "brier": 0.14554011821746826
      },
      "test": {
        "pr_auc": 0.8593221821929038,
        "roc_auc": 0.9557216213263412,
        "precision": 0.5656050955414013,
        "recall": 0.9866666666666667,
        "f1": 0.7190283400809716,
        "confusion_matrix": {
          "tn": 676,
          "fp": 341,
          "fn": 6,
          "tp": 444
        },
        "brier": 0.09484908729791641
      },
      "train_pr_auc": 0.8198626573978172
    },
    "gru": {
      "threshold": 0.7581379413604736,
      "val": {
        "pr_auc": 0.9713185486315749,
        "roc_auc": 0.9887426900584795,
        "precision": 0.9364303178484108,
        "recall": 0.8511111111111112,
        "f1": 0.8917345750873108,
        "confusion_matrix": {
          "tn": 1114,
          "fp": 26,
          "fn": 67,
          "tp": 383
        },
        "brier": 0.03858300670981407
      },
      "test": {
        "pr_auc": 0.9736416743024283,
        "roc_auc": 0.9894023817327652,
        "precision": 0.941952506596306,
        "recall": 0.7933333333333333,
        "f1": 0.8612786489746683,
        "confusion_matrix": {
          "tn": 995,
          "fp": 22,
          "fn": 93,
          "tp": 357
        },
        "brier": 0.039795249700546265
      },
      "train_pr_auc": 0.9791712920656169
    }
  },
  "anomaly": {
    "val_top1": {
      "precision": 0.5416666666666666,
      "lift": 2.798611111111111,
      "capture": 0.028888888888888888
    },
    "val_top5": {
      "precision": 0.5982905982905983,
      "lift": 3.091168091168091,
      "capture": 0.15555555555555556
    },
    "test_top1": {
      "precision": 0.7391304347826086,
      "lift": 3.6168115942028987,
      "capture": 0.03777777777777778
    },
    "test_top5": {
      "precision": 0.8018018018018018,
      "lift": 3.923483483483484,
      "capture": 0.19777777777777777
    }
  }
}